,id,hit,name,countries
999,24967710, kid\'?s? ,adsquare data alliance > de > covid-19 audiences (corona pandemic) > covid-19 habitation &amp; household > parents with kindergarden kids at home ,['germany']
407,15102574, kid\'?s? ,branded data > nordic data resources > denmark > interests > interested in kids (power reach) ,['denmark']
199,11154300, kid\'?s? ,branded data > nordic data resources > denmark > interests > interested in kids (super target) ,['denmark']
209,11154842, kid\'?s? ,branded data > nordic data resources > denmark > life phases > couples with kids (power reach) ,['denmark']
183,11153254, kid\'?s? ,branded data > nordic data resources > denmark > life phases > couples with kids (super target) ,['denmark']
235,11157485, kid\'?s? ,"branded data > nordic data resources > denmark > life phases > couples, no kids (power reach) ",['denmark']
193,11153799, kid\'?s? ,"branded data > nordic data resources > denmark > life phases > couples, no kids (super target) ",['denmark']
205,11154630, kid\'?s? ,branded data > nordic data resources > denmark > life phases > families with teen-age kids ,['denmark']
238,11152966, kid\'?s? ,branded data > nordic data resources > denmark > life phases > families with young kids ,['denmark']
213,11154921, kid\'?s? ,branded data > nordic data resources > denmark > life phases > older couples with no kids living at home ,['denmark']
186,11153602, kid\'?s? ,branded data > nordic data resources > denmark > life phases > singles & young couples w/o kids ,['denmark']
215,11155008, kid\'?s? ,branded data > nordic data resources > denmark > life phases > singles with kids (power reach) ,['denmark']
224,11156318, kid\'?s? ,branded data > nordic data resources > denmark > life phases > singles with kids (super target) ,['denmark']
217,11155090, kid\'?s? ,"branded data > nordic data resources > denmark > life phases > singles, no kids (power reach) ",['denmark']
189,11153688, kid\'?s? ,"branded data > nordic data resources > denmark > life phases > singles, no kids (super target) ",['denmark']
120,8013352, kid\'?s? ,branded data > nordic data resources > denmark > power reach > life phases > older couples & seniors > older couples with no kids living at home ,['denmark']
97,8012503, kid\'?s? ,branded data > nordic data resources > denmark > power reach > life phases > singles & young couples w/o kids ,['denmark']
99,8012525, kid\'?s? ,branded data > nordic data resources > denmark > super target > family & parenting > kids toys ,['denmark']
101,8012547, kid\'?s? ,branded data > nordic data resources > denmark > super target > shopping > kids toys ,['denmark']
192,11153798, kid\'?s? ,branded data > nordic data resources > germany > life phases > families with teen-age kids (super target) ,['germany']
208,11154821, kid\'?s? ,branded data > nordic data resources > germany > life phases > families with toddlers or young kids (super target) ,['germany']
227,11156453, kid\'?s? ,branded data > nordic data resources > germany > life phases > older couples with no kids living at home (super target) ,['germany']
230,11156757, kid\'?s? ,branded data > nordic data resources > germany > life phases > singles & young couples w/o kids (super target) ,['germany']
426,2639011, kid\'?s? ,experian fr - mosaic - parisian elites - promising white collar and first kids ,['france']
433,3577205, kid\'?s? ,eyeota - de experian - mosaic - type - h27 kids and careers in suburbia,['germany']
443,15675923, kid\'?s? ,eyeota - dk ndr - 03 life phases - couples with kids ,['denmark']
444,15675928, kid\'?s? ,"eyeota - dk ndr - 03 life phases - couples, no kids ",['denmark']
453,15676022, kid\'?s? ,eyeota - dk ndr - 03 life phases - singles with kids ,['denmark']
475,15676021, kid\'?s? ,eyeota - dk ndr - 03 life phases - singles with kids ,['denmark']
454,15676025, kid\'?s? ,"eyeota - dk ndr - 03 life phases - singles, no kids ",['denmark']
447,15731811, kid\'?s? ,eyeota - dk ndr - 08 interests - interested in kids ,['denmark']
472,15731807, kid\'?s? ,eyeota - dk ndr - 08 interests - interested in kids ,['denmark']
770,21019215, kid\'?s? ,eyeota - fi ndr - 21 kantar mind - kantar mind purchase intent - kantar high spenders - kids clothing,['finland']
890,21779759, kid\'?s? ,eyeota - miq - de experian - mosaic - type - h27 kids and careers in suburbia,['germany']
569,17576545, kid\'?s? ,eyeota - se ndr - 18 kantar media tgi se - orvesto purchase intent - high spender - kids clothes,['sweden']
1197,25641133, kid\'?s? ,gh-nl_gps_xandr_gh_specific_household-kids-none_high_audio-outstream_default,['netherlands']
1030,24642866, kid\'?s? ,gh-nl_gps_xandr_gh_specific_household-kids-none_high_display_default,['netherlands']
1135,25453934, kid\'?s? ,gh-nl_gps_xandr_gh_specific_household-kids-none_high_display_default,['netherlands']
1287,25642122, kid\'?s? ,gh-nl_gps_xandr_gh_specific_household-kids-none_high_instream_default,['netherlands']
1198,25641134, kid\'?s? ,gh-nl_gps_xandr_gh_specific_household-kids-none_low_audio-outstream_default,['netherlands']
1031,24642867, kid\'?s? ,gh-nl_gps_xandr_gh_specific_household-kids-none_low_display_default,['netherlands']
1136,25453935, kid\'?s? ,gh-nl_gps_xandr_gh_specific_household-kids-none_low_display_default,['netherlands']
1288,25642123, kid\'?s? ,gh-nl_gps_xandr_gh_specific_household-kids-none_low_instream_default,['netherlands']
1199,25641135, kid\'?s? ,gh-nl_gps_xandr_gh_specific_household-kids-none_medium_audio-outstream_default,['netherlands']
1032,24642868, kid\'?s? ,gh-nl_gps_xandr_gh_specific_household-kids-none_medium_display_default,['netherlands']
1137,25453936, kid\'?s? ,gh-nl_gps_xandr_gh_specific_household-kids-none_medium_display_default,['netherlands']
1289,25642124, kid\'?s? ,gh-nl_gps_xandr_gh_specific_household-kids-none_medium_instream_default,['netherlands']
1200,25641137, kid\'?s? ,gh-nl_gps_xandr_gh_specific_household-kids-one-or-more_high_audio-outstream_default,['netherlands']
1033,24642869, kid\'?s? ,gh-nl_gps_xandr_gh_specific_household-kids-one-or-more_high_display_default,['netherlands']
1138,25453937, kid\'?s? ,gh-nl_gps_xandr_gh_specific_household-kids-one-or-more_high_display_default,['netherlands']
1290,25642125, kid\'?s? ,gh-nl_gps_xandr_gh_specific_household-kids-one-or-more_high_instream_default,['netherlands']
1201,25641138, kid\'?s? ,gh-nl_gps_xandr_gh_specific_household-kids-one-or-more_low_audio-outstream_default,['netherlands']
1034,24642870, kid\'?s? ,gh-nl_gps_xandr_gh_specific_household-kids-one-or-more_low_display_default,['netherlands']
1139,25453938, kid\'?s? ,gh-nl_gps_xandr_gh_specific_household-kids-one-or-more_low_display_default,['netherlands']
1291,25642126, kid\'?s? ,gh-nl_gps_xandr_gh_specific_household-kids-one-or-more_low_instream_default,['netherlands']
1202,25641139, kid\'?s? ,gh-nl_gps_xandr_gh_specific_household-kids-one-or-more_medium_audio-outstream_default,['netherlands']
1035,24642871, kid\'?s? ,gh-nl_gps_xandr_gh_specific_household-kids-one-or-more_medium_display_default,['netherlands']
1140,25453940, kid\'?s? ,gh-nl_gps_xandr_gh_specific_household-kids-one-or-more_medium_display_default,['netherlands']
1292,25642127, kid\'?s? ,gh-nl_gps_xandr_gh_specific_household-kids-one-or-more_medium_instream_default,['netherlands']
361,13724105, kid\'?s? ,"nordic data resources > fi > b house-owner families > b07 terraced house, kids & rock 'n' roll ",['finland']
362,13724218, kid\'?s? ,nordic data resources > se > a affluent pioneers > a04 careers and kids ,['sweden']
146,8575537, kid\'?s? ,oracle country-specific audiences > france (fr) > hobbies and interests (affinity) > parenting and family > parenting kids ,['france']
148,8575584, kid\'?s? ,oracle country-specific audiences > germany (de) > hobbies and interests (affinity) > parenting and family > parenting kids ,['germany']
150,8575657, kid\'?s? ,oracle country-specific audiences > italy (it) > hobbies and interests (affinity) > parenting and family > parenting kids ,['italy']
152,8575757, kid\'?s? ,oracle country-specific audiences > spain (es) > hobbies and interests (affinity) > parenting and family > parenting kids ,['spain']
989,24765598, kid\'?s? ,peer39: custom category>brand safety france - kids_finance_addiction_jobs,['france']
990,24765606, kid\'?s? ,peer39: custom category>brand safety italy - kids_finance_addiction_jobs,['italy']
991,24765632, kid\'?s? ,peer39: custom category>brand safety spain - kids_finance_addiction_jobs,['spain']
494,16674054, kid\'?s? ,peer39: custom category>miq digital_safe from kids portuguese kws,['portugal']
495,16674049, kid\'?s? ,peer39: custom category>miq digital_safe from kids_german kws,['germany']
169,2166798, kid\'?s? ,semasio - de - demographic - size of household - with kids ,['germany']
170,2166799, kid\'?s? ,semasio - de - demographic - size of household - without kids ,['germany']
281,12393312, kid\'?s? ,zeotap > italy > interest > mums with pre-school kids ,['italy']
959,24291675, kid\'?s? ,zeotap > spain > interest > family & parenting > kids apps 2-6,['spain']
994,24855838, kid\'?s? ,zeotap > spain > interest > family & parenting > kids apps 2-6 (2),['spain']
886,21742122, kid\'?s? ,zeotap > spain > interest > family & parenting > kids apps 4-12,['spain']
960,24291679, kid\'?s? ,zeotap > spain > interest > family & parenting > kids apps 8-10,['spain']
723,19838415, kid\'?s? ,zeotap > spain > interest > family & parenting > kids apps 8-14,['spain']
984,24738177, neg ,adyoulikesa_neg_pmi_de_specific_health_family_covid_smoking ,['germany']
985,24738230, neg ,adyoulikesa_neg_pmi_de_sustainability ,['germany']
987,24738265, neg ,adyoulikesa_neg_pmi_de_sustainability2 ,['germany']
986,24738264, neg ,adyoulikesa_neg_pmi_de_sustainability3 ,['germany']
988,24738282, neg ,adyoulikesa_neg_pmi_de_sustainability4 ,['germany']
980,24737938, neg ,adyoulikesa_neg_pmi_it_specific_health_family_covid_smoking ,['italy']
979,24737937, neg ,adyoulikesa_neg_pmi_it_sustainability ,['italy']
977,24737905, neg ,adyoulikesa_neg_pmi_it_sustainability1 ,['italy']
981,24737944, neg ,adyoulikesa_neg_pmi_it_sustainability2 ,['italy']
982,24738036, neg ,adyoulikesa_neg_pmi_it_sustainability4 ,['italy']
774,21088871, neg ,lightreactde_blackrock_neg_keywords_2020_french ,['france']
773,21088853, neg ,lightreactde_blackrock_neg_keywords_2020_german ,['germany']
867,21330847, neg ,mediaiq_neg_tomboladenmarkbrandsafety ,['denmark']
861,21328623, neg ,mediaiq_neg_tomboladenmarkgamblingaddiction ,['denmark']
868,21331087, neg ,mediaiq_neg_tombolaswedenbrandsafety ,['sweden']
863,21328974, neg ,mediaiq_neg_tombolaswedengamblingaddiction ,['sweden']
779,21148793, neg ,meliahotels_neg_coronavirus_blacklist_pt ,['portugal']
869,21337403, neg ,plistade_neg_blackrock_climatchange_de ,['germany']
870,21337445, neg ,plistade_neg_blackrock_climatchange_fr ,['france']
871,21337469, neg ,plistade_neg_blackrock_climatchange_it ,['italy']
881,21653163, neg ,xaxaustria_corona_neg ,['austria']
1094,25531065, neg ,xaxaustria_neg_auto_general ,['austria']
1095,25531068, neg ,xaxaustria_neg_citreon_rueckrufe ,['austria']
1096,25531071, neg ,xaxaustria_neg_citroen ,['austria']
882,21653197, neg ,xaxaustria_neg_covid ,['austria']
1097,25531073, neg ,xaxaustria_neg_diesel ,['austria']
1098,25531076, neg ,xaxaustria_neg_elektroauto ,['austria']
1099,25531079, neg ,xaxaustria_neg_ford ,['austria']
1100,25531082, neg ,xaxaustria_neg_ford_rueckrufe ,['austria']
860,21303796, neg ,xaxaustria_neg_gv_death_injury_misc-german-nongeneric ,"['germany', 'austria']"
859,21303717, neg ,xaxaustria_neg_gv_death_injury_misc_light ,['austria']
1322,26287897, neg ,xaxaustria_neg_omv_at_2021 ,['austria']
1101,25531084, neg ,xaxaustria_neg_opel_autorecalls ,['austria']
1102,25531087, neg ,xaxaustria_neg_opel_diesel ,['austria']
1103,25531090, neg ,xaxaustria_neg_peugeot_rueckrufe ,['austria']
915,22415367, neg ,xaxaustria_neg_siemens_corp ,['austria']
955,24282023, neg ,xaxisde2_neg_auto_general ,['germany']
888,21764120, neg ,xaxisde2_neg_citroen ,['germany']
575,17585296, neg ,xaxisde2_neg_diesel ,['germany']
887,21764050, neg ,xaxisde2_neg_dieselaffaere ,['germany']
954,24282022, neg ,xaxisde2_neg_elektroauto ,['germany']
598,17996430, neg ,xaxisde2_neg_ford ,['germany']
1109,25604133, neg ,xaxisde2_neg_ford_dieselskandal ,['germany']
1110,25604134, neg ,xaxisde2_neg_ford_elektro_hybrid ,['germany']
961,24330539, neg ,xaxisde2_neg_ford_kuga_fire ,['germany']
956,24282051, neg ,xaxisde2_neg_ford_rueckrufe ,['germany']
1294,25767147, neg ,xaxisde2_neg_opel_autorecalls ,['germany']
1295,25767148, neg ,xaxisde2_neg_opel_diesel ,['germany']
1004,25209660, neg ,xaxisde_neg_arbeitsunfall ,['germany']
952,24250115, neg ,xaxisde_neg_auto_general ,['germany']
647,19404066, neg ,xaxisde_neg_blacklist_peta ,['germany']
958,24290463, neg ,xaxisde_neg_carrera_gefahren ,['germany']
957,24290420, neg ,xaxisde_neg_carrera_general ,['germany']
1002,25160944, neg ,xaxisde_neg_citreon_rueckrufe ,['germany']
1003,25160945, neg ,xaxisde_neg_citroen ,['germany']
1066,25244753, neg ,xaxisde_neg_crance_accidents ,['germany']
532,17353855, neg ,xaxisde_neg_diesel ,['germany']
953,24250125, neg ,xaxisde_neg_elektroauto ,['germany']
1070,25396739, neg ,xaxisde_neg_ford ,['germany']
1071,25396754, neg ,xaxisde_neg_ford_rueckrufe ,['germany']
530,17272500, neg ,xaxisde_neg_schwangerschaft ,['germany']
529,17272494, neg ,xaxisde_neg_tabak ,['germany']
731,20473468, neg ,xaxisde_neg_volvo_dieselskandal ,['germany']
1104,25553066, neg ,xaxisde_neg_volvo_elektro_hybrid ,['germany']
941,23471421, neg ,xaxisde_pr_rwe_neg ,['germany']
781,21160113, neg ,xaxisdk_neg_corona_dk ,['denmark']
784,21160150, neg ,xaxisdk_neg_corona_fi ,"['denmark', 'finland']"
782,21160115, neg ,xaxisdk_neg_corona_no ,['denmark']
783,21160132, neg ,xaxisdk_neg_corona_se ,"['denmark', 'sweden']"
490,16547176, neg ,xaxises_neg_espionaje ,['spain']
838,21220995, neg ,xaxisfi_neg_covid19death ,['finland']
839,21220997, neg ,xaxisfi_neg_covid19death_en ,['finland']
840,21221012, neg ,xaxisfi_neg_covid19death_fi ,['finland']
595,17955060, neg ,xaxisfi_neg_roundup_14_5 ,['finland']
252,11054085, weak(ness| ),kbm group - germany - microm data | microm typology  - neighbourhood types | group h: workers in small towns | socially weak small-towners,['germany']
380,14658679,(positive|negative),groupmnordic_nestle_negative_keywords_baby_infants_pregnancy_dk ,['denmark']
379,14658635,(positive|negative),groupmnordic_nestle_negative_keywords_gambling_dk ,['denmark']
374,14658435,(positive|negative),groupmnordic_nestle_negative_keywords_illegal-downloads_dk ,['denmark']
382,14658720,(positive|negative),groupmnordic_nestle_negative_keywords_naughty-negatives_dk ,['denmark']
370,14658310,(positive|negative),groupmnordic_nestle_negative_keywords_obesity_dk ,['denmark']
1074,25421542,child(ren)?,adsquare data alliance > at > place visits > by brand > shopping > clothing and accessories > children's apparel > c&a ,['austria']
1082,25422276,child(ren)?,adsquare data alliance > at > place visits > by category > shopping > clothing and accessories > children's apparel ,['austria']
1075,25421681,child(ren)?,adsquare data alliance > be > place visits > by brand > shopping > clothing and accessories > children's apparel > cks ,['belgium']
1000,24967713,child(ren)?,adsquare data alliance > de > covid-19 audiences (corona pandemic) > covid-19 habitation &amp; household > parents with schoolchildren at home ,['germany']
996,13225923,child(ren)?,adsquare data alliance > de > interests > family and relationships > mums with young children ,['germany']
383,14740813,child(ren)?,adsquare data alliance > de > interests > shopping > seasonal > christmas > christmas shoppers - families with children ,['germany']
1072,25419741,child(ren)?,adsquare data alliance > de > place visits > by brand > shopping > clothing and accessories > children's apparel > awg ,['germany']
1080,25422265,child(ren)?,adsquare data alliance > de > place visits > by category > shopping > clothing and accessories > children's apparel ,['germany']
997,13829206,child(ren)?,adsquare data alliance > es > interests > family and relationships > mums with young children ,['spain']
385,14740955,child(ren)?,adsquare data alliance > es > interests > shopping > seasonal > christmas > christmas shoppers - families with children ,['spain']
1073,25421523,child(ren)?,adsquare data alliance > es > place visits > by brand > shopping > clothing and accessories > children's apparel > boboli ,['spain']
1076,25421898,child(ren)?,adsquare data alliance > es > place visits > by brand > shopping > clothing and accessories > children's apparel > canada house ,['spain']
1085,25424377,child(ren)?,adsquare data alliance > es > place visits > by brand > shopping > clothing and accessories > children's apparel > gocco ,['spain']
1087,25425358,child(ren)?,adsquare data alliance > es > place visits > by brand > shopping > clothing and accessories > children's apparel > ikks ,['spain']
1088,25425946,child(ren)?,adsquare data alliance > es > place visits > by brand > shopping > clothing and accessories > children's apparel > kiddy's class ,['spain']
1079,25422262,child(ren)?,adsquare data alliance > es > place visits > by category > shopping > clothing and accessories > children's apparel ,['spain']
995,13227706,child(ren)?,adsquare data alliance > fr > interests > family and relationships > mums with young children ,['france']
384,14740913,child(ren)?,adsquare data alliance > fr > interests > shopping > seasonal > christmas > christmas shoppers - families with children ,['france']
1084,25423305,child(ren)?,adsquare data alliance > fr > place visits > by brand > shopping > clothing and accessories > children's apparel > du pareil au meme ,['france']
1081,25422266,child(ren)?,adsquare data alliance > fr > place visits > by category > shopping > clothing and accessories > children's apparel ,['france']
1077,25422255,child(ren)?,adsquare data alliance > it > demographics > household size > children in household ,['italy']
998,24967612,child(ren)?,adsquare data alliance > it > interests > family and relationships > mums with young children ,['italy']
386,14740982,child(ren)?,adsquare data alliance > it > interests > shopping > seasonal > christmas > christmas shoppers - families with children ,['italy']
1078,25422261,child(ren)?,adsquare data alliance > it > place visits > by category > shopping > clothing and accessories > children's apparel ,['italy']
1089,25425950,child(ren)?,adsquare data alliance > se > place visits > by category > business and services > consumer services > kindergarten and childcare ,['sweden']
906,21669996,child(ren)?,"audience 78337, es > infants & children",['spain']
290,13713992,child(ren)?,az direct > de > demographic > family type > families with adult children ,['germany']
289,13713975,child(ren)?,az direct > de > demographic > family type > single parents with adult children ,['germany']
297,13714834,child(ren)?,az direct > de > demographic > presence of children > likely ,['germany']
291,13714132,child(ren)?,az direct > de > demographic > presence of children > unlikely ,['germany']
294,13714380,child(ren)?,az direct > de > retail > transactional activity > children's products > transactions in the last two years ,['germany']
292,13714188,child(ren)?,az direct > de > retail > transactional activity > children's products > transactions in the last year ,['germany']
295,13714540,child(ren)?,az direct > de > retail > transactional activity > children's products > transactions older than 2 years ,['germany']
298,13715064,child(ren)?,az direct > de > retail > transactional activity > children's products > without transactions ,['germany']
299,13715453,child(ren)?,bisnode > se > lifephase > family with young children ,['sweden']
502,7521247,child(ren)?,branded data > conexance > france - conexance demographics > demographics > age of children ,['france']
503,7521250,child(ren)?,branded data > conexance > france - conexance demographics > demographics > age of children > child between 0-3 ,['france']
504,7521259,child(ren)?,branded data > conexance > france - conexance demographics > demographics > age of children > child between 11-15 ,['france']
505,7521262,child(ren)?,branded data > conexance > france - conexance demographics > demographics > age of children > child between 16-18 ,['france']
506,7521253,child(ren)?,branded data > conexance > france - conexance demographics > demographics > age of children > child between 4-6 ,['france']
507,7521256,child(ren)?,branded data > conexance > france - conexance demographics > demographics > age of children > child between 7-10 ,['france']
219,11155185,child(ren)?,branded data > nordic data resources > denmark > family & parenting > children ,['denmark']
405,15102392,child(ren)?,branded data > nordic data resources > denmark > family & parenting > children > households with 1 or 2 children (power reach) ,['denmark']
194,11153862,child(ren)?,branded data > nordic data resources > denmark > family & parenting > children > households with 1 or 2 children (super target) ,['denmark']
391,15101456,child(ren)?,branded data > nordic data resources > denmark > family & parenting > children > households with children (power reach) ,['denmark']
220,11155367,child(ren)?,branded data > nordic data resources > denmark > family & parenting > children > households with children (super target) ,['denmark']
395,15101560,child(ren)?,branded data > nordic data resources > denmark > family & parenting > children > households with more than 2 children (power reach) ,['denmark']
179,11153007,child(ren)?,branded data > nordic data resources > denmark > family & parenting > children > households with more than 2 children (super target) ,['denmark']
389,15101328,child(ren)?,branded data > nordic data resources > denmark > family & parenting > children > households without children (power reach) ,['denmark']
231,11156879,child(ren)?,branded data > nordic data resources > denmark > family & parenting > children > households without children (super target) ,['denmark']
233,11157121,child(ren)?,branded data > nordic data resources > denmark > life phases > families with school children ,['denmark']
98,8012509,child(ren)?,branded data > nordic data resources > denmark > power reach > life phases > families with children ,['denmark']
122,8013354,child(ren)?,branded data > nordic data resources > denmark > power reach > life phases > families with children > families with teen-age kids ,['denmark']
121,8013353,child(ren)?,branded data > nordic data resources > denmark > power reach > life phases > families with children > families with young kids ,['denmark']
100,8012534,child(ren)?,branded data > nordic data resources > denmark > super target > family & parenting > children's wear ,['denmark']
200,11154333,child(ren)?,branded data > nordic data resources > finland > family type > child (0-17 yrs) ,['finland']
198,11154188,child(ren)?,branded data > nordic data resources > finland > family type > childless young couple (-34 yrs) ,['finland']
188,11153681,child(ren)?,branded data > nordic data resources > finland > family type > school-age child (7-12 yrs) ,['finland']
206,11154763,child(ren)?,branded data > nordic data resources > finland > family type > small child (under 3 yrs) ,['finland']
182,11153218,child(ren)?,branded data > nordic data resources > finland > family type > under-school-age child (under 7 yrs) ,['finland']
222,11155722,child(ren)?,branded data > nordic data resources > finland > household members > children groups ,['finland']
417,15103550,child(ren)?,branded data > nordic data resources > finland > household members > children groups > 12 - 17 years old (power reach) ,['finland']
214,11154985,child(ren)?,branded data > nordic data resources > finland > household members > children groups > 12 - 17 years old (super target) ,['finland']
411,15102934,child(ren)?,branded data > nordic data resources > finland > household members > children groups > 5 - 11 years old (power reach) ,['finland']
212,11154902,child(ren)?,branded data > nordic data resources > finland > household members > children groups > 5 - 11 years old (super target) ,['finland']
397,15101674,child(ren)?,branded data > nordic data resources > finland > household members > children groups > over 18 (power reach) ,['finland']
201,11154337,child(ren)?,branded data > nordic data resources > finland > household members > children groups > over 18 (super target) ,['finland']
403,15102191,child(ren)?,branded data > nordic data resources > finland > household members > children groups > under 5 (power reach) ,['finland']
223,11155739,child(ren)?,branded data > nordic data resources > finland > household members > children groups > under 5 (super target) ,['finland']
203,11154526,child(ren)?,branded data > nordic data resources > finland > household members > number of children ,['finland']
400,15101822,child(ren)?,branded data > nordic data resources > finland > household members > number of children > 1 (power reach) ,['finland']
191,11153782,child(ren)?,branded data > nordic data resources > finland > household members > number of children > 1 (super target) ,['finland']
408,15102624,child(ren)?,branded data > nordic data resources > finland > household members > number of children > 2 (power reach) ,['finland']
211,11154875,child(ren)?,branded data > nordic data resources > finland > household members > number of children > 2 (super target) ,['finland']
406,15102438,child(ren)?,branded data > nordic data resources > finland > household members > number of children > 3 (power reach) ,['finland']
204,11154557,child(ren)?,branded data > nordic data resources > finland > household members > number of children > 3 (super target) ,['finland']
393,15101502,child(ren)?,branded data > nordic data resources > finland > household members > number of children > 4 (power reach) ,['finland']
210,11154852,child(ren)?,branded data > nordic data resources > finland > household members > number of children > 4 (super target) ,['finland']
396,15101672,child(ren)?,branded data > nordic data resources > finland > household members > number of children > 5 or more (power reach) ,['finland']
236,11157539,child(ren)?,branded data > nordic data resources > finland > household members > number of children > 5 or more (super target) ,['finland']
409,15102817,child(ren)?,branded data > nordic data resources > finland > household members > number of children > none (power reach) ,['finland']
216,11155072,child(ren)?,branded data > nordic data resources > finland > household members > number of children > none (super target) ,['finland']
102,8012599,child(ren)?,branded data > nordic data resources > finland > power reach > life phases > families with children ,['finland']
103,8012610,child(ren)?,branded data > nordic data resources > finland > power reach > life phases > older couples without children ,['finland']
104,8012611,child(ren)?,branded data > nordic data resources > finland > super target > family type > child (0-17 yrs) ,['finland']
123,8013357,child(ren)?,branded data > nordic data resources > finland > super target > family type > child (0-17 yrs) > school-age child (7-12 yrs) ,['finland']
126,8013370,child(ren)?,branded data > nordic data resources > finland > super target > family type > child (0-17 yrs) > small child (under 3 yrs) ,['finland']
125,8013368,child(ren)?,branded data > nordic data resources > finland > super target > family type > child (0-17 yrs) > teenager (13-17 yrs) ,['finland']
124,8013359,child(ren)?,branded data > nordic data resources > finland > super target > family type > child (0-17 yrs) > under-school-age child (under 7 yrs) ,['finland']
105,8012612,child(ren)?,branded data > nordic data resources > finland > super target > family type > no children ,['finland']
130,8013381,child(ren)?,branded data > nordic data resources > finland > super target > family type > no children > childless young couple (-34 yrs) ,['finland']
129,8013380,child(ren)?,branded data > nordic data resources > finland > super target > family type > no children > grown-up (18-64 yrs) ,['finland']
128,8013379,child(ren)?,branded data > nordic data resources > finland > super target > family type > no children > pension-age (65- yrs) ,['finland']
127,8013378,child(ren)?,branded data > nordic data resources > finland > super target > family type > no children > single young (-34 yrs) ,['finland']
218,11155096,child(ren)?,branded data > nordic data resources > germany > age of children in household ,['germany']
197,11154135,child(ren)?,branded data > nordic data resources > germany > age of children in household > 12 - 17 years (super target) ,['germany']
234,11157258,child(ren)?,branded data > nordic data resources > germany > age of children in household > 5 - 11 years (super target) ,['germany']
228,11156682,child(ren)?,branded data > nordic data resources > germany > age of children in household > over 18 (super target) ,['germany']
195,11154004,child(ren)?,branded data > nordic data resources > germany > age of children in household > under 5 years (super target) ,['germany']
232,11157018,child(ren)?,branded data > nordic data resources > germany > life phases > families with school children (super target) ,['germany']
404,15102323,child(ren)?,branded data > nordic data resources > sweden > family type > families with 1 child (power reach) ,['sweden']
181,11153217,child(ren)?,branded data > nordic data resources > sweden > family type > families with 1 child (super target) ,['sweden']
416,15103524,child(ren)?,branded data > nordic data resources > sweden > family type > families with 2 children (power reach) ,['sweden']
221,11155560,child(ren)?,branded data > nordic data resources > sweden > family type > families with 2 children (super target) ,['sweden']
399,15101702,child(ren)?,branded data > nordic data resources > sweden > family type > families with 3 children or more (power reach) ,['sweden']
180,11153077,child(ren)?,branded data > nordic data resources > sweden > family type > families with 3 children or more (super target) ,['sweden']
392,15101490,child(ren)?,branded data > nordic data resources > sweden > family type > have children (power reach) ,['sweden']
190,11153723,child(ren)?,branded data > nordic data resources > sweden > family type > have children (super target) ,['sweden']
401,15101943,child(ren)?,branded data > nordic data resources > sweden > family type > mature family with children (power reach) ,['sweden']
196,11154033,child(ren)?,branded data > nordic data resources > sweden > family type > mature family with children (super target) ,['sweden']
390,15101366,child(ren)?,branded data > nordic data resources > sweden > family type > mid aged without children (power reach) ,['sweden']
207,11154808,child(ren)?,branded data > nordic data resources > sweden > family type > mid aged without children (super target) ,['sweden']
412,15103061,child(ren)?,branded data > nordic data resources > sweden > family type > no children (power reach) ,['sweden']
225,11156324,child(ren)?,branded data > nordic data resources > sweden > family type > no children (super target) ,['sweden']
413,15103160,child(ren)?,branded data > nordic data resources > sweden > family type > older family with children (power reach) ,['sweden']
202,11154481,child(ren)?,branded data > nordic data resources > sweden > family type > older family with children (super target) ,['sweden']
414,15103300,child(ren)?,branded data > nordic data resources > sweden > family type > older family without children (power reach) ,['sweden']
237,11157543,child(ren)?,branded data > nordic data resources > sweden > family type > older family without children (super target) ,['sweden']
410,15102910,child(ren)?,branded data > nordic data resources > sweden > family type > young family with children (power reach) ,['sweden']
226,11156356,child(ren)?,branded data > nordic data resources > sweden > family type > young family with children (super target) ,['sweden']
402,15102148,child(ren)?,branded data > nordic data resources > sweden > family type > young without children (power reach) ,['sweden']
229,11156724,child(ren)?,branded data > nordic data resources > sweden > family type > young without children (super target) ,['sweden']
394,15101535,child(ren)?,branded data > nordic data resources > sweden > interests > children's wear (power reach) ,['sweden']
187,11153624,child(ren)?,branded data > nordic data resources > sweden > interests > children's wear (super target) ,['sweden']
388,15101046,child(ren)?,branded data > nordic data resources > sweden > media > newspapers & magazines > children & parenting (power reach) ,['sweden']
239,11153111,child(ren)?,branded data > nordic data resources > sweden > media > newspapers & magazines > children & parenting (super target) ,['sweden']
106,8012947,child(ren)?,branded data > nordic data resources > sweden > power reach > life phases > families with children ,['sweden']
107,8012953,child(ren)?,branded data > nordic data resources > sweden > power reach > life phases > older couples without children ,['sweden']
114,8013084,child(ren)?,branded data > nordic data resources > sweden > super target > family type > families with 1 child ,['sweden']
113,8013083,child(ren)?,branded data > nordic data resources > sweden > super target > family type > families with 2 children ,['sweden']
112,8013082,child(ren)?,branded data > nordic data resources > sweden > super target > family type > families with 3 children or more ,['sweden']
108,8013076,child(ren)?,branded data > nordic data resources > sweden > super target > family type > have children ,['sweden']
111,8013079,child(ren)?,branded data > nordic data resources > sweden > super target > family type > mature family with children ,['sweden']
110,8013078,child(ren)?,branded data > nordic data resources > sweden > super target > family type > mid aged without children ,['sweden']
109,8013077,child(ren)?,branded data > nordic data resources > sweden > super target > family type > no children ,['sweden']
117,8013098,child(ren)?,branded data > nordic data resources > sweden > super target > family type > older family with children ,['sweden']
116,8013097,child(ren)?,branded data > nordic data resources > sweden > super target > family type > older family without children ,['sweden']
115,8013095,child(ren)?,branded data > nordic data resources > sweden > super target > family type > young family with children ,['sweden']
118,8013103,child(ren)?,branded data > nordic data resources > sweden > super target > family type > young without children ,['sweden']
119,8013131,child(ren)?,branded data > nordic data resources > sweden > super target > interests > children's wear ,['sweden']
131,8013551,child(ren)?,branded data > nordic data resources > sweden > super target > media > newspapers > children & parenting ,['sweden']
132,8013558,child(ren)?,branded data > nordic data resources > sweden > super target > media > tv > children shows ,['sweden']
415,15103343,child(ren)?,branded data > nordic data resources > sweden > tv programs > children shows (power reach) ,['sweden']
184,11153313,child(ren)?,branded data > nordic data resources > sweden > tv programs > children shows (super target) ,['sweden']
83,7518136,child(ren)?,branded data > semasio > denmark > intent > baby & children's goods ,['denmark']
82,7517931,child(ren)?,branded data > semasio > germany > intent > children's & baby goods ,['germany']
84,7518179,child(ren)?,branded data > semasio > sweden > intent > baby & children's goods ,['sweden']
302,13715700,child(ren)?,conexance > fr > family > parents of children with age between 0 and 3 ,['france']
300,13715675,child(ren)?,conexance > fr > family > parents of children with age between 11 and  ,['france']
304,13715763,child(ren)?,conexance > fr > family > parents of children with age between 16 and  ,['france']
303,13715702,child(ren)?,conexance > fr > family > parents of children with age between 4 and 6 ,['france']
301,13715689,child(ren)?,conexance > fr > family > parents of children with age between 7 and 1 ,['france']
305,13715788,child(ren)?,conexance > fr > households > typology > typology conexance d > d2 new subdivisions households with children ,['france']
306,13715798,child(ren)?,conexance > fr > households > typology > typology conexance f > f1 active families families with children or ,['france']
307,13715812,child(ren)?,conexance > fr > households > typology > typology conexance g > g1 mature workers couples without children w ,['france']
728,20103323,child(ren)?,converged > france > hmpar_ad exchange - edf - parents with young children,['france']
1093,16680261,child(ren)?,custom segments > schober mobile data germany - families with children - gps data,['germany']
923,22523254,child(ren)?,digitalaudience:sweden>shoppingintent>toys&children's articles>babyarticles,['sweden']
924,22523255,child(ren)?,digitalaudience:sweden>shoppingintent>toys&children's articles>toys,['sweden']
425,2639025,child(ren)?,experian fr - mosaic - traditional countryside - agricultural workers with children ,['france']
423,2639041,child(ren)?,experian fr - mosaic - young active families - addicted to credit and technology with children ,['france']
419,3584447,child(ren)?,experian fr - presence of children - ages : 11-14 ,['france']
420,3584448,child(ren)?,experian fr - presence of children - ages : 4-10 ,['france']
421,3584446,child(ren)?,experian fr - presence of children - ages : under 18 ,['france']
422,3584449,child(ren)?,experian fr - presence of children - ages : under 4 ,['france']
520,6986490,child(ren)?,eyeota - de kantar - demographics - demographics - main female shopper with children aged 1-18 years,['germany']
548,17575868,child(ren)?,eyeota - dk ndr - 011 ndr international - a2 less affluent young couples with children,['denmark']
578,17575869,child(ren)?,eyeota - dk ndr - 011 ndr international - a3 less affluent families with school age children,['denmark']
546,17575877,child(ren)?,eyeota - dk ndr - 011 ndr international - b2 comfortable young couples with children,['denmark']
549,17575874,child(ren)?,eyeota - dk ndr - 011 ndr international - b3 comfortable families with school age children,['denmark']
572,17575871,child(ren)?,eyeota - dk ndr - 011 ndr international - c2 prosperous young couples with children,['denmark']
571,17575873,child(ren)?,eyeota - dk ndr - 011 ndr international - c3 prosperous families with school age children,['denmark']
469,15675882,child(ren)?,eyeota - dk ndr - 02 family and parenting - children - households with 1 or 2 children ,['denmark']
470,15675895,child(ren)?,eyeota - dk ndr - 02 family and parenting - children - households with children ,['denmark']
471,15675903,child(ren)?,eyeota - dk ndr - 02 family and parenting - children - households without children ,['denmark']
547,17575881,child(ren)?,eyeota - dk ndr - 03 life phases - families with school age children,['denmark']
550,17575892,child(ren)?,eyeota - dk ndr - 03 life phases - young couples with children,['denmark']
551,17575917,child(ren)?,eyeota - dk ndr - 15 kantar media tns dk - tns gallup lifestyle - couples without children,['denmark']
552,17575919,child(ren)?,eyeota - dk ndr - 15 kantar media tns dk - tns gallup lifestyle - families with school-age children,['denmark']
759,21019066,child(ren)?,eyeota - dk ndr - 15 kantar media tns dk - tns gallup lifestyle - skiing enthusiasts with children of school-age,['denmark']
760,21019067,child(ren)?,eyeota - dk ndr - 15 kantar media tns dk - tns gallup lifestyle - valentine couples (no children) with outward activities,['denmark']
553,17575955,child(ren)?,eyeota - dk ndr - 15 kantar media tns dk - tns gallup purchase intent - high spender: clothes and shoes for children (kr. 7.000+ yearly),['denmark']
555,17576008,child(ren)?,eyeota - fi ndr - 02 ndr international - a2 less affluent young couples with children,['finland']
554,17576015,child(ren)?,eyeota - fi ndr - 02 ndr international - a3 less affluent families with school age children,['finland']
561,17576026,child(ren)?,eyeota - fi ndr - 02 ndr international - b2 comfortable young couples with children,['finland']
559,17576028,child(ren)?,eyeota - fi ndr - 02 ndr international - b3 comfortable families with school age children,['finland']
556,17576030,child(ren)?,eyeota - fi ndr - 02 ndr international - c2 prosperous young couples with children,['finland']
560,17576022,child(ren)?,eyeota - fi ndr - 02 ndr international - c3 prosperous families with school age children,['finland']
558,17576025,child(ren)?,eyeota - fi ndr - 03 family type - families with school age children,['finland']
557,17576031,child(ren)?,eyeota - fi ndr - 03 family type - young couples with children,['finland']
440,15735428,child(ren)?,eyeota - fi ndr - 09 household members - children groups - 12-17 years old ,['finland']
456,15735425,child(ren)?,eyeota - fi ndr - 09 household members - children groups - 12-17 years old ,['finland']
457,15738252,child(ren)?,eyeota - fi ndr - 09 household members - children groups - 5-11 years old ,['finland']
439,15738259,child(ren)?,eyeota - fi ndr - 09 household members - children groups - over 18 ,['finland']
438,15738264,child(ren)?,eyeota - fi ndr - 09 household members - children groups - under 5 ,['finland']
460,15738261,child(ren)?,eyeota - fi ndr - 09 household members - children groups - under 5 ,['finland']
436,15738254,child(ren)?,eyeota - fi ndr - 09 household members - children household members - 1 ,['finland']
461,15738255,child(ren)?,eyeota - fi ndr - 09 household members - children household members - 1 ,['finland']
435,15738266,child(ren)?,eyeota - fi ndr - 09 household members - children household members - 2 ,['finland']
462,15738257,child(ren)?,eyeota - fi ndr - 09 household members - children household members - 2 ,['finland']
437,15738262,child(ren)?,eyeota - fi ndr - 09 household members - children household members - 3 ,['finland']
458,15738263,child(ren)?,eyeota - fi ndr - 09 household members - children household members - 3 ,['finland']
434,15738260,child(ren)?,eyeota - fi ndr - 09 household members - children household members - 4 ,['finland']
441,15738296,child(ren)?,eyeota - fi ndr - 09 household members - children household members - 5 or more ,['finland']
459,15738265,child(ren)?,eyeota - fi ndr - 09 household members - children household members - 5 or more ,['finland']
442,15738293,child(ren)?,eyeota - fi ndr - 09 household members - children household members - none ,['finland']
463,15738295,child(ren)?,eyeota - fi ndr - 09 household members - children household members - none ,['finland']
749,21019317,child(ren)?,eyeota - fr experian - children - 0,['france']
750,21019318,child(ren)?,eyeota - fr experian - children - 1,['france']
751,21019319,child(ren)?,eyeota - fr experian - children - 2,['france']
752,21019320,child(ren)?,eyeota - fr experian - children - 3 and more,['france']
763,21019363,child(ren)?,eyeota - fr experian - household composition - couple with children,['france']
764,21019364,child(ren)?,eyeota - fr experian - household composition - couple without children,['france']
753,21019408,child(ren)?,eyeota - fr experian - household composition coarse - family < 45 with children,['france']
754,21019411,child(ren)?,eyeota - fr experian - household composition coarse - single < 45 years old with1 child or couples without children,['france']
755,21019412,child(ren)?,eyeota - fr experian - household composition coarse - single < 45 years old without children,['france']
765,21019554,child(ren)?,eyeota - fr experian - mosaic type - m54 agricultural workers with children,['france']
521,7256019,child(ren)?,eyeota - fr kantar - demographics - household composition - housewife with children older than 18 years old,['france']
889,21778699,child(ren)?,eyeota - miq - au experian - frequent buyers - shopping - children's clothing,['france']
903,21790141,child(ren)?,eyeota - miq - de kantar media tgi - shopping - main female shopper with children aged 1-18 years,['germany']
891,21779879,child(ren)?,eyeota - miq - fr experian - children - 0,['france']
892,21779880,child(ren)?,eyeota - miq - fr experian - children - 1,['france']
893,21779881,child(ren)?,eyeota - miq - fr experian - children - 2,['france']
894,21779882,child(ren)?,eyeota - miq - fr experian - children - 3 and more,['france']
895,21779969,child(ren)?,eyeota - miq - fr experian - household composition - couple with children,['france']
896,21779970,child(ren)?,eyeota - miq - fr experian - household composition - couple without children,['france']
897,21779975,child(ren)?,eyeota - miq - fr experian - household composition coarse - family < 45 with children,['france']
898,21779978,child(ren)?,eyeota - miq - fr experian - household composition coarse - single < 45 years old with1 child or couples without children,['france']
899,21779979,child(ren)?,eyeota - miq - fr experian - household composition coarse - single < 45 years old without children,['france']
901,21780245,child(ren)?,eyeota - miq - fr experian - mosaic type - m54 agricultural workers with children,['france']
904,21790488,child(ren)?,eyeota - miq - fr kantar media tgi - sociodemographic - housewife with children older than 18 years old,['france']
562,17576434,child(ren)?,eyeota - se ndr - 011 ndr international - a2 less affluent young couples with children,['sweden']
573,17576433,child(ren)?,eyeota - se ndr - 011 ndr international - a3 less affluent families with school age children,['sweden']
566,17576462,child(ren)?,eyeota - se ndr - 011 ndr international - b2 comfortable young couples with children,['sweden']
563,17576450,child(ren)?,eyeota - se ndr - 011 ndr international - b3 comfortable families with school age children,['sweden']
567,17576461,child(ren)?,eyeota - se ndr - 011 ndr international - c2 prosperous young couples with children,['sweden']
568,17576449,child(ren)?,eyeota - se ndr - 011 ndr international - c3 prosperous families with school age children,['sweden']
445,15740797,child(ren)?,eyeota - se ndr - 02 family type - family: families with 1 child ,['sweden']
464,15740872,child(ren)?,eyeota - se ndr - 02 family type - family: have children ,['sweden']
448,15740943,child(ren)?,eyeota - se ndr - 02 family type - family: mid aged without children ,['sweden']
465,15740939,child(ren)?,eyeota - se ndr - 02 family type - family: mid aged without children ,['sweden']
449,15740942,child(ren)?,eyeota - se ndr - 02 family type - family: no children ,['sweden']
467,15740949,child(ren)?,eyeota - se ndr - 02 family type - family: no children ,['sweden']
450,15740937,child(ren)?,eyeota - se ndr - 02 family type - family: older family without children ,['sweden']
466,15740938,child(ren)?,eyeota - se ndr - 02 family type - family: older family without children ,['sweden']
455,15741015,child(ren)?,eyeota - se ndr - 02 family type - family: young family with children ,['sweden']
468,15741017,child(ren)?,eyeota - se ndr - 02 family type - family: young without children ,['sweden']
565,17576451,child(ren)?,eyeota - se ndr - 02 life phases - families with school age children,['sweden']
564,17576455,child(ren)?,eyeota - se ndr - 02 life phases - young couples with children,['sweden']
446,15741830,child(ren)?,eyeota - se ndr - 11 interests - interested in: children's wear ,['sweden']
473,15741826,child(ren)?,eyeota - se ndr - 11 interests - interested in: children's wear ,['sweden']
452,15742317,child(ren)?,eyeota - se ndr - 12 media - newspapers and magazines: children and parenting ,['sweden']
474,15742316,child(ren)?,eyeota - se ndr - 12 media - newspapers and magazines: children and parenting ,['sweden']
476,15742643,child(ren)?,eyeota - se ndr - 16 tv - tv-programs: children shows ,['sweden']
767,21025600,child(ren)?,eyeota - se ndr - 18 kantar media tgi se - orvesto lifestyle - skiing enthusiasts with children of school-age,['sweden']
768,21025602,child(ren)?,eyeota - se ndr - 18 kantar media tgi se - orvesto lifestyle - valentine couples (no children) with outward activities,['sweden']
1083,25486346,child(ren)?,gh-nl_all_xandr_ds_all_demographic_winter-outerwear-for-children_all_25393121,['netherlands']
681,19519728,child(ren)?,gh-nl_gps_xandr_da_generic_demographic_family-children-1-child_plain,['netherlands']
689,19519786,child(ren)?,gh-nl_gps_xandr_da_generic_demographic_family-children-1-child_rich,['netherlands']
697,19519849,child(ren)?,gh-nl_gps_xandr_da_generic_demographic_family-children-1-child_video,['netherlands']
682,19519729,child(ren)?,gh-nl_gps_xandr_da_generic_demographic_family-children-2-children_plain,['netherlands']
690,19519787,child(ren)?,gh-nl_gps_xandr_da_generic_demographic_family-children-2-children_rich,['netherlands']
698,19519850,child(ren)?,gh-nl_gps_xandr_da_generic_demographic_family-children-2-children_video,['netherlands']
683,19519730,child(ren)?,gh-nl_gps_xandr_da_generic_demographic_family-children-3-children_plain,['netherlands']
691,19519788,child(ren)?,gh-nl_gps_xandr_da_generic_demographic_family-children-3-children_rich,['netherlands']
699,19519851,child(ren)?,gh-nl_gps_xandr_da_generic_demographic_family-children-3-children_video,['netherlands']
684,19519731,child(ren)?,gh-nl_gps_xandr_da_generic_demographic_family-children-4-children_plain,['netherlands']
692,19519789,child(ren)?,gh-nl_gps_xandr_da_generic_demographic_family-children-4-children_rich,['netherlands']
700,19519852,child(ren)?,gh-nl_gps_xandr_da_generic_demographic_family-children-4-children_video,['netherlands']
685,19519732,child(ren)?,gh-nl_gps_xandr_da_generic_demographic_family-children-5-children_plain,['netherlands']
693,19519790,child(ren)?,gh-nl_gps_xandr_da_generic_demographic_family-children-5-children_rich,['netherlands']
701,19519853,child(ren)?,gh-nl_gps_xandr_da_generic_demographic_family-children-5-children_video,['netherlands']
679,19519721,child(ren)?,gh-nl_gps_xandr_da_generic_demographic_family-children-boy_plain,['netherlands']
687,19519779,child(ren)?,gh-nl_gps_xandr_da_generic_demographic_family-children-boy_rich,['netherlands']
695,19519841,child(ren)?,gh-nl_gps_xandr_da_generic_demographic_family-children-boy_video,['netherlands']
680,19519722,child(ren)?,gh-nl_gps_xandr_da_generic_demographic_family-children-girl_plain,['netherlands']
688,19519780,child(ren)?,gh-nl_gps_xandr_da_generic_demographic_family-children-girl_rich,['netherlands']
696,19519842,child(ren)?,gh-nl_gps_xandr_da_generic_demographic_family-children-girl_video,['netherlands']
678,19519720,child(ren)?,gh-nl_gps_xandr_da_generic_demographic_family-children_plain,['netherlands']
686,19519778,child(ren)?,gh-nl_gps_xandr_da_generic_demographic_family-children_rich,['netherlands']
694,19519840,child(ren)?,gh-nl_gps_xandr_da_generic_demographic_family-children_video,['netherlands']
1173,25641048,child(ren)?,gh-nl_gps_xandr_gh_specific_household-composition-family-with-children-oldest-child- 6-11 _high_audio-outstream_default,['netherlands']
1006,24642791,child(ren)?,gh-nl_gps_xandr_gh_specific_household-composition-family-with-children-oldest-child- 6-11 _high_display_default,['netherlands']
1111,25453849,child(ren)?,gh-nl_gps_xandr_gh_specific_household-composition-family-with-children-oldest-child- 6-11 _high_display_default,['netherlands']
1263,25642033,child(ren)?,gh-nl_gps_xandr_gh_specific_household-composition-family-with-children-oldest-child- 6-11 _high_instream_default,['netherlands']
1174,25641049,child(ren)?,gh-nl_gps_xandr_gh_specific_household-composition-family-with-children-oldest-child- 6-11 _low_audio-outstream_default,['netherlands']
1007,24642792,child(ren)?,gh-nl_gps_xandr_gh_specific_household-composition-family-with-children-oldest-child- 6-11 _low_display_default,['netherlands']
1112,25453850,child(ren)?,gh-nl_gps_xandr_gh_specific_household-composition-family-with-children-oldest-child- 6-11 _low_display_default,['netherlands']
1264,25642035,child(ren)?,gh-nl_gps_xandr_gh_specific_household-composition-family-with-children-oldest-child- 6-11 _low_instream_default,['netherlands']
1175,25641050,child(ren)?,gh-nl_gps_xandr_gh_specific_household-composition-family-with-children-oldest-child- 6-11 _medium_audio-outstream_default,['netherlands']
1008,24642793,child(ren)?,gh-nl_gps_xandr_gh_specific_household-composition-family-with-children-oldest-child- 6-11 _medium_display_default,['netherlands']
1113,25453851,child(ren)?,gh-nl_gps_xandr_gh_specific_household-composition-family-with-children-oldest-child- 6-11 _medium_display_default,['netherlands']
1265,25642037,child(ren)?,gh-nl_gps_xandr_gh_specific_household-composition-family-with-children-oldest-child- 6-11 _medium_instream_default,['netherlands']
1176,25641051,child(ren)?,gh-nl_gps_xandr_gh_specific_household-composition-family-with-children-oldest-child-0-5 _high_audio-outstream_default,['netherlands']
1009,24642794,child(ren)?,gh-nl_gps_xandr_gh_specific_household-composition-family-with-children-oldest-child-0-5 _high_display_default,['netherlands']
1114,25453852,child(ren)?,gh-nl_gps_xandr_gh_specific_household-composition-family-with-children-oldest-child-0-5 _high_display_default,['netherlands']
1266,25642038,child(ren)?,gh-nl_gps_xandr_gh_specific_household-composition-family-with-children-oldest-child-0-5 _high_instream_default,['netherlands']
1177,25641052,child(ren)?,gh-nl_gps_xandr_gh_specific_household-composition-family-with-children-oldest-child-0-5 _low_audio-outstream_default,['netherlands']
1010,24642795,child(ren)?,gh-nl_gps_xandr_gh_specific_household-composition-family-with-children-oldest-child-0-5 _low_display_default,['netherlands']
1115,25453853,child(ren)?,gh-nl_gps_xandr_gh_specific_household-composition-family-with-children-oldest-child-0-5 _low_display_default,['netherlands']
1267,25642040,child(ren)?,gh-nl_gps_xandr_gh_specific_household-composition-family-with-children-oldest-child-0-5 _low_instream_default,['netherlands']
1178,25641053,child(ren)?,gh-nl_gps_xandr_gh_specific_household-composition-family-with-children-oldest-child-0-5 _medium_audio-outstream_default,['netherlands']
1011,24642796,child(ren)?,gh-nl_gps_xandr_gh_specific_household-composition-family-with-children-oldest-child-0-5 _medium_display_default,['netherlands']
1116,25453854,child(ren)?,gh-nl_gps_xandr_gh_specific_household-composition-family-with-children-oldest-child-0-5 _medium_display_default,['netherlands']
1268,25642041,child(ren)?,gh-nl_gps_xandr_gh_specific_household-composition-family-with-children-oldest-child-0-5 _medium_instream_default,['netherlands']
1179,25641054,child(ren)?,gh-nl_gps_xandr_gh_specific_household-composition-family-with-children-oldest-child-12-17_high_audio-outstream_default,['netherlands']
1012,24642797,child(ren)?,gh-nl_gps_xandr_gh_specific_household-composition-family-with-children-oldest-child-12-17_high_display_default,['netherlands']
1117,25453856,child(ren)?,gh-nl_gps_xandr_gh_specific_household-composition-family-with-children-oldest-child-12-17_high_display_default,['netherlands']
1269,25642042,child(ren)?,gh-nl_gps_xandr_gh_specific_household-composition-family-with-children-oldest-child-12-17_high_instream_default,['netherlands']
1180,25641055,child(ren)?,gh-nl_gps_xandr_gh_specific_household-composition-family-with-children-oldest-child-12-17_low_audio-outstream_default,['netherlands']
1013,24642798,child(ren)?,gh-nl_gps_xandr_gh_specific_household-composition-family-with-children-oldest-child-12-17_low_display_default,['netherlands']
1118,25453857,child(ren)?,gh-nl_gps_xandr_gh_specific_household-composition-family-with-children-oldest-child-12-17_low_display_default,['netherlands']
1270,25642043,child(ren)?,gh-nl_gps_xandr_gh_specific_household-composition-family-with-children-oldest-child-12-17_low_instream_default,['netherlands']
1181,25641056,child(ren)?,gh-nl_gps_xandr_gh_specific_household-composition-family-with-children-oldest-child-12-17_medium_audio-outstream_default,['netherlands']
1014,24642799,child(ren)?,gh-nl_gps_xandr_gh_specific_household-composition-family-with-children-oldest-child-12-17_medium_display_default,['netherlands']
1119,25453858,child(ren)?,gh-nl_gps_xandr_gh_specific_household-composition-family-with-children-oldest-child-12-17_medium_display_default,['netherlands']
1271,25642044,child(ren)?,gh-nl_gps_xandr_gh_specific_household-composition-family-with-children-oldest-child-12-17_medium_instream_default,['netherlands']
1182,25641057,child(ren)?,gh-nl_gps_xandr_gh_specific_household-composition-family-with-children-oldest-child-18+_high_audio-outstream_default,['netherlands']
1015,24642800,child(ren)?,gh-nl_gps_xandr_gh_specific_household-composition-family-with-children-oldest-child-18+_high_display_default,['netherlands']
1120,25453859,child(ren)?,gh-nl_gps_xandr_gh_specific_household-composition-family-with-children-oldest-child-18+_high_display_default,['netherlands']
1272,25642047,child(ren)?,gh-nl_gps_xandr_gh_specific_household-composition-family-with-children-oldest-child-18+_high_instream_default,['netherlands']
1183,25641058,child(ren)?,gh-nl_gps_xandr_gh_specific_household-composition-family-with-children-oldest-child-18+_low_audio-outstream_default,['netherlands']
1016,24642801,child(ren)?,gh-nl_gps_xandr_gh_specific_household-composition-family-with-children-oldest-child-18+_low_display_default,['netherlands']
1121,25453860,child(ren)?,gh-nl_gps_xandr_gh_specific_household-composition-family-with-children-oldest-child-18+_low_display_default,['netherlands']
1273,25642048,child(ren)?,gh-nl_gps_xandr_gh_specific_household-composition-family-with-children-oldest-child-18+_low_instream_default,['netherlands']
1184,25641059,child(ren)?,gh-nl_gps_xandr_gh_specific_household-composition-family-with-children-oldest-child-18+_medium_audio-outstream_default,['netherlands']
1017,24642802,child(ren)?,gh-nl_gps_xandr_gh_specific_household-composition-family-with-children-oldest-child-18+_medium_display_default,['netherlands']
1122,25453861,child(ren)?,gh-nl_gps_xandr_gh_specific_household-composition-family-with-children-oldest-child-18+_medium_display_default,['netherlands']
1274,25642050,child(ren)?,gh-nl_gps_xandr_gh_specific_household-composition-family-with-children-oldest-child-18+_medium_instream_default,['netherlands']
1188,25641063,child(ren)?,gh-nl_gps_xandr_gh_specific_household-composition-single-or-couple-without-children-35-49_high_audio-outstream_default,['netherlands']
1021,24642806,child(ren)?,gh-nl_gps_xandr_gh_specific_household-composition-single-or-couple-without-children-35-49_high_display_default,['netherlands']
1126,25453865,child(ren)?,gh-nl_gps_xandr_gh_specific_household-composition-single-or-couple-without-children-35-49_high_display_default,['netherlands']
1278,25642056,child(ren)?,gh-nl_gps_xandr_gh_specific_household-composition-single-or-couple-without-children-35-49_high_instream_default,['netherlands']
1189,25641064,child(ren)?,gh-nl_gps_xandr_gh_specific_household-composition-single-or-couple-without-children-35-49_low_audio-outstream_default,['netherlands']
1022,24642807,child(ren)?,gh-nl_gps_xandr_gh_specific_household-composition-single-or-couple-without-children-35-49_low_display_default,['netherlands']
1127,25453866,child(ren)?,gh-nl_gps_xandr_gh_specific_household-composition-single-or-couple-without-children-35-49_low_display_default,['netherlands']
1279,25642058,child(ren)?,gh-nl_gps_xandr_gh_specific_household-composition-single-or-couple-without-children-35-49_low_instream_default,['netherlands']
1190,25641065,child(ren)?,gh-nl_gps_xandr_gh_specific_household-composition-single-or-couple-without-children-35-49_medium_audio-outstream_default,['netherlands']
1023,24642808,child(ren)?,gh-nl_gps_xandr_gh_specific_household-composition-single-or-couple-without-children-35-49_medium_display_default,['netherlands']
1128,25453867,child(ren)?,gh-nl_gps_xandr_gh_specific_household-composition-single-or-couple-without-children-35-49_medium_display_default,['netherlands']
1280,25642059,child(ren)?,gh-nl_gps_xandr_gh_specific_household-composition-single-or-couple-without-children-35-49_medium_instream_default,['netherlands']
1185,25641060,child(ren)?,gh-nl_gps_xandr_gh_specific_household-composition-single-or-couple-without-children-35-_high_audio-outstream_default,['netherlands']
1018,24642803,child(ren)?,gh-nl_gps_xandr_gh_specific_household-composition-single-or-couple-without-children-35-_high_display_default,['netherlands']
1123,25453862,child(ren)?,gh-nl_gps_xandr_gh_specific_household-composition-single-or-couple-without-children-35-_high_display_default,['netherlands']
1275,25642051,child(ren)?,gh-nl_gps_xandr_gh_specific_household-composition-single-or-couple-without-children-35-_high_instream_default,['netherlands']
1186,25641061,child(ren)?,gh-nl_gps_xandr_gh_specific_household-composition-single-or-couple-without-children-35-_low_audio-outstream_default,['netherlands']
1019,24642804,child(ren)?,gh-nl_gps_xandr_gh_specific_household-composition-single-or-couple-without-children-35-_low_display_default,['netherlands']
1124,25453863,child(ren)?,gh-nl_gps_xandr_gh_specific_household-composition-single-or-couple-without-children-35-_low_display_default,['netherlands']
1276,25642053,child(ren)?,gh-nl_gps_xandr_gh_specific_household-composition-single-or-couple-without-children-35-_low_instream_default,['netherlands']
1187,25641062,child(ren)?,gh-nl_gps_xandr_gh_specific_household-composition-single-or-couple-without-children-35-_medium_audio-outstream_default,['netherlands']
1020,24642805,child(ren)?,gh-nl_gps_xandr_gh_specific_household-composition-single-or-couple-without-children-35-_medium_display_default,['netherlands']
1125,25453864,child(ren)?,gh-nl_gps_xandr_gh_specific_household-composition-single-or-couple-without-children-35-_medium_display_default,['netherlands']
1277,25642054,child(ren)?,gh-nl_gps_xandr_gh_specific_household-composition-single-or-couple-without-children-35-_medium_instream_default,['netherlands']
1191,25641066,child(ren)?,gh-nl_gps_xandr_gh_specific_household-composition-single-or-couple-without-children-50-64_high_audio-outstream_default,['netherlands']
1024,24642809,child(ren)?,gh-nl_gps_xandr_gh_specific_household-composition-single-or-couple-without-children-50-64_high_display_default,['netherlands']
1129,25453868,child(ren)?,gh-nl_gps_xandr_gh_specific_household-composition-single-or-couple-without-children-50-64_high_display_default,['netherlands']
1281,25642062,child(ren)?,gh-nl_gps_xandr_gh_specific_household-composition-single-or-couple-without-children-50-64_high_instream_default,['netherlands']
1192,25641067,child(ren)?,gh-nl_gps_xandr_gh_specific_household-composition-single-or-couple-without-children-50-64_low_audio-outstream_default,['netherlands']
1025,24642810,child(ren)?,gh-nl_gps_xandr_gh_specific_household-composition-single-or-couple-without-children-50-64_low_display_default,['netherlands']
1130,25453869,child(ren)?,gh-nl_gps_xandr_gh_specific_household-composition-single-or-couple-without-children-50-64_low_display_default,['netherlands']
1282,25642063,child(ren)?,gh-nl_gps_xandr_gh_specific_household-composition-single-or-couple-without-children-50-64_low_instream_default,['netherlands']
1193,25641068,child(ren)?,gh-nl_gps_xandr_gh_specific_household-composition-single-or-couple-without-children-50-64_medium_audio-outstream_default,['netherlands']
1026,24642811,child(ren)?,gh-nl_gps_xandr_gh_specific_household-composition-single-or-couple-without-children-50-64_medium_display_default,['netherlands']
1131,25453870,child(ren)?,gh-nl_gps_xandr_gh_specific_household-composition-single-or-couple-without-children-50-64_medium_display_default,['netherlands']
1283,25642064,child(ren)?,gh-nl_gps_xandr_gh_specific_household-composition-single-or-couple-without-children-50-64_medium_instream_default,['netherlands']
1194,25641069,child(ren)?,gh-nl_gps_xandr_gh_specific_household-composition-single-or-couple-without-children-65+_high_audio-outstream_default,['netherlands']
1027,24642812,child(ren)?,gh-nl_gps_xandr_gh_specific_household-composition-single-or-couple-without-children-65+_high_display_default,['netherlands']
1132,25453871,child(ren)?,gh-nl_gps_xandr_gh_specific_household-composition-single-or-couple-without-children-65+_high_display_default,['netherlands']
1284,25642065,child(ren)?,gh-nl_gps_xandr_gh_specific_household-composition-single-or-couple-without-children-65+_high_instream_default,['netherlands']
1195,25641070,child(ren)?,gh-nl_gps_xandr_gh_specific_household-composition-single-or-couple-without-children-65+_low_audio-outstream_default,['netherlands']
1028,24642813,child(ren)?,gh-nl_gps_xandr_gh_specific_household-composition-single-or-couple-without-children-65+_low_display_default,['netherlands']
1133,25453872,child(ren)?,gh-nl_gps_xandr_gh_specific_household-composition-single-or-couple-without-children-65+_low_display_default,['netherlands']
1285,25642066,child(ren)?,gh-nl_gps_xandr_gh_specific_household-composition-single-or-couple-without-children-65+_low_instream_default,['netherlands']
1196,25641071,child(ren)?,gh-nl_gps_xandr_gh_specific_household-composition-single-or-couple-without-children-65+_medium_audio-outstream_default,['netherlands']
1029,24642814,child(ren)?,gh-nl_gps_xandr_gh_specific_household-composition-single-or-couple-without-children-65+_medium_display_default,['netherlands']
1134,25453873,child(ren)?,gh-nl_gps_xandr_gh_specific_household-composition-single-or-couple-without-children-65+_medium_display_default,['netherlands']
1286,25642067,child(ren)?,gh-nl_gps_xandr_gh_specific_household-composition-single-or-couple-without-children-65+_medium_instream_default,['netherlands']
1203,25641339,child(ren)?,gh-nl_non-gps_xandr_gh_specific_household-composition-family-with-children-oldest-child- 6-11 _high_audio-outstream_default,['netherlands']
1036,24643044,child(ren)?,gh-nl_non-gps_xandr_gh_specific_household-composition-family-with-children-oldest-child- 6-11 _high_display_default,['netherlands']
1141,25454147,child(ren)?,gh-nl_non-gps_xandr_gh_specific_household-composition-family-with-children-oldest-child- 6-11 _high_display_default,['netherlands']
1233,25642338,child(ren)?,gh-nl_non-gps_xandr_gh_specific_household-composition-family-with-children-oldest-child- 6-11 _high_instream_default,['netherlands']
1204,25641341,child(ren)?,gh-nl_non-gps_xandr_gh_specific_household-composition-family-with-children-oldest-child- 6-11 _low_audio-outstream_default,['netherlands']
1037,24643045,child(ren)?,gh-nl_non-gps_xandr_gh_specific_household-composition-family-with-children-oldest-child- 6-11 _low_display_default,['netherlands']
1142,25454148,child(ren)?,gh-nl_non-gps_xandr_gh_specific_household-composition-family-with-children-oldest-child- 6-11 _low_display_default,['netherlands']
1234,25642339,child(ren)?,gh-nl_non-gps_xandr_gh_specific_household-composition-family-with-children-oldest-child- 6-11 _low_instream_default,['netherlands']
1205,25641342,child(ren)?,gh-nl_non-gps_xandr_gh_specific_household-composition-family-with-children-oldest-child- 6-11 _medium_audio-outstream_default,['netherlands']
1038,24643046,child(ren)?,gh-nl_non-gps_xandr_gh_specific_household-composition-family-with-children-oldest-child- 6-11 _medium_display_default,['netherlands']
1143,25454149,child(ren)?,gh-nl_non-gps_xandr_gh_specific_household-composition-family-with-children-oldest-child- 6-11 _medium_display_default,['netherlands']
1235,25642340,child(ren)?,gh-nl_non-gps_xandr_gh_specific_household-composition-family-with-children-oldest-child- 6-11 _medium_instream_default,['netherlands']
1206,25641343,child(ren)?,gh-nl_non-gps_xandr_gh_specific_household-composition-family-with-children-oldest-child-0-5 _high_audio-outstream_default,['netherlands']
1039,24643047,child(ren)?,gh-nl_non-gps_xandr_gh_specific_household-composition-family-with-children-oldest-child-0-5 _high_display_default,['netherlands']
1144,25454150,child(ren)?,gh-nl_non-gps_xandr_gh_specific_household-composition-family-with-children-oldest-child-0-5 _high_display_default,['netherlands']
1236,25642341,child(ren)?,gh-nl_non-gps_xandr_gh_specific_household-composition-family-with-children-oldest-child-0-5 _high_instream_default,['netherlands']
1207,25641344,child(ren)?,gh-nl_non-gps_xandr_gh_specific_household-composition-family-with-children-oldest-child-0-5 _low_audio-outstream_default,['netherlands']
1040,24643048,child(ren)?,gh-nl_non-gps_xandr_gh_specific_household-composition-family-with-children-oldest-child-0-5 _low_display_default,['netherlands']
1145,25454151,child(ren)?,gh-nl_non-gps_xandr_gh_specific_household-composition-family-with-children-oldest-child-0-5 _low_display_default,['netherlands']
1237,25642342,child(ren)?,gh-nl_non-gps_xandr_gh_specific_household-composition-family-with-children-oldest-child-0-5 _low_instream_default,['netherlands']
1208,25641345,child(ren)?,gh-nl_non-gps_xandr_gh_specific_household-composition-family-with-children-oldest-child-0-5 _medium_audio-outstream_default,['netherlands']
1041,24643049,child(ren)?,gh-nl_non-gps_xandr_gh_specific_household-composition-family-with-children-oldest-child-0-5 _medium_display_default,['netherlands']
1146,25454152,child(ren)?,gh-nl_non-gps_xandr_gh_specific_household-composition-family-with-children-oldest-child-0-5 _medium_display_default,['netherlands']
1238,25642344,child(ren)?,gh-nl_non-gps_xandr_gh_specific_household-composition-family-with-children-oldest-child-0-5 _medium_instream_default,['netherlands']
1209,25641346,child(ren)?,gh-nl_non-gps_xandr_gh_specific_household-composition-family-with-children-oldest-child-12-17_high_audio-outstream_default,['netherlands']
1042,24643050,child(ren)?,gh-nl_non-gps_xandr_gh_specific_household-composition-family-with-children-oldest-child-12-17_high_display_default,['netherlands']
1147,25454153,child(ren)?,gh-nl_non-gps_xandr_gh_specific_household-composition-family-with-children-oldest-child-12-17_high_display_default,['netherlands']
1239,25642346,child(ren)?,gh-nl_non-gps_xandr_gh_specific_household-composition-family-with-children-oldest-child-12-17_high_instream_default,['netherlands']
1210,25641347,child(ren)?,gh-nl_non-gps_xandr_gh_specific_household-composition-family-with-children-oldest-child-12-17_low_audio-outstream_default,['netherlands']
1043,24643051,child(ren)?,gh-nl_non-gps_xandr_gh_specific_household-composition-family-with-children-oldest-child-12-17_low_display_default,['netherlands']
1148,25454154,child(ren)?,gh-nl_non-gps_xandr_gh_specific_household-composition-family-with-children-oldest-child-12-17_low_display_default,['netherlands']
1240,25642348,child(ren)?,gh-nl_non-gps_xandr_gh_specific_household-composition-family-with-children-oldest-child-12-17_low_instream_default,['netherlands']
1211,25641348,child(ren)?,gh-nl_non-gps_xandr_gh_specific_household-composition-family-with-children-oldest-child-12-17_medium_audio-outstream_default,['netherlands']
1044,24643052,child(ren)?,gh-nl_non-gps_xandr_gh_specific_household-composition-family-with-children-oldest-child-12-17_medium_display_default,['netherlands']
1149,25454155,child(ren)?,gh-nl_non-gps_xandr_gh_specific_household-composition-family-with-children-oldest-child-12-17_medium_display_default,['netherlands']
1241,25642350,child(ren)?,gh-nl_non-gps_xandr_gh_specific_household-composition-family-with-children-oldest-child-12-17_medium_instream_default,['netherlands']
1212,25641349,child(ren)?,gh-nl_non-gps_xandr_gh_specific_household-composition-family-with-children-oldest-child-18+_high_audio-outstream_default,['netherlands']
1045,24643053,child(ren)?,gh-nl_non-gps_xandr_gh_specific_household-composition-family-with-children-oldest-child-18+_high_display_default,['netherlands']
1150,25454156,child(ren)?,gh-nl_non-gps_xandr_gh_specific_household-composition-family-with-children-oldest-child-18+_high_display_default,['netherlands']
1242,25642352,child(ren)?,gh-nl_non-gps_xandr_gh_specific_household-composition-family-with-children-oldest-child-18+_high_instream_default,['netherlands']
1213,25641350,child(ren)?,gh-nl_non-gps_xandr_gh_specific_household-composition-family-with-children-oldest-child-18+_low_audio-outstream_default,['netherlands']
1046,24643054,child(ren)?,gh-nl_non-gps_xandr_gh_specific_household-composition-family-with-children-oldest-child-18+_low_display_default,['netherlands']
1151,25454157,child(ren)?,gh-nl_non-gps_xandr_gh_specific_household-composition-family-with-children-oldest-child-18+_low_display_default,['netherlands']
1243,25642354,child(ren)?,gh-nl_non-gps_xandr_gh_specific_household-composition-family-with-children-oldest-child-18+_low_instream_default,['netherlands']
1214,25641351,child(ren)?,gh-nl_non-gps_xandr_gh_specific_household-composition-family-with-children-oldest-child-18+_medium_audio-outstream_default,['netherlands']
1047,24643055,child(ren)?,gh-nl_non-gps_xandr_gh_specific_household-composition-family-with-children-oldest-child-18+_medium_display_default,['netherlands']
1152,25454158,child(ren)?,gh-nl_non-gps_xandr_gh_specific_household-composition-family-with-children-oldest-child-18+_medium_display_default,['netherlands']
1244,25642356,child(ren)?,gh-nl_non-gps_xandr_gh_specific_household-composition-family-with-children-oldest-child-18+_medium_instream_default,['netherlands']
1218,25641356,child(ren)?,gh-nl_non-gps_xandr_gh_specific_household-composition-single-or-couple-without-children-35-49_high_audio-outstream_default,['netherlands']
1051,24643059,child(ren)?,gh-nl_non-gps_xandr_gh_specific_household-composition-single-or-couple-without-children-35-49_high_display_default,['netherlands']
1156,25454162,child(ren)?,gh-nl_non-gps_xandr_gh_specific_household-composition-single-or-couple-without-children-35-49_high_display_default,['netherlands']
1248,25642364,child(ren)?,gh-nl_non-gps_xandr_gh_specific_household-composition-single-or-couple-without-children-35-49_high_instream_default,['netherlands']
1219,25641357,child(ren)?,gh-nl_non-gps_xandr_gh_specific_household-composition-single-or-couple-without-children-35-49_low_audio-outstream_default,['netherlands']
1052,24643060,child(ren)?,gh-nl_non-gps_xandr_gh_specific_household-composition-single-or-couple-without-children-35-49_low_display_default,['netherlands']
1157,25454163,child(ren)?,gh-nl_non-gps_xandr_gh_specific_household-composition-single-or-couple-without-children-35-49_low_display_default,['netherlands']
1249,25642367,child(ren)?,gh-nl_non-gps_xandr_gh_specific_household-composition-single-or-couple-without-children-35-49_low_instream_default,['netherlands']
1220,25641358,child(ren)?,gh-nl_non-gps_xandr_gh_specific_household-composition-single-or-couple-without-children-35-49_medium_audio-outstream_default,['netherlands']
1053,24643061,child(ren)?,gh-nl_non-gps_xandr_gh_specific_household-composition-single-or-couple-without-children-35-49_medium_display_default,['netherlands']
1158,25454164,child(ren)?,gh-nl_non-gps_xandr_gh_specific_household-composition-single-or-couple-without-children-35-49_medium_display_default,['netherlands']
1250,25642369,child(ren)?,gh-nl_non-gps_xandr_gh_specific_household-composition-single-or-couple-without-children-35-49_medium_instream_default,['netherlands']
1215,25641352,child(ren)?,gh-nl_non-gps_xandr_gh_specific_household-composition-single-or-couple-without-children-35-_high_audio-outstream_default,['netherlands']
1048,24643056,child(ren)?,gh-nl_non-gps_xandr_gh_specific_household-composition-single-or-couple-without-children-35-_high_display_default,['netherlands']
1153,25454159,child(ren)?,gh-nl_non-gps_xandr_gh_specific_household-composition-single-or-couple-without-children-35-_high_display_default,['netherlands']
1245,25642358,child(ren)?,gh-nl_non-gps_xandr_gh_specific_household-composition-single-or-couple-without-children-35-_high_instream_default,['netherlands']
1216,25641353,child(ren)?,gh-nl_non-gps_xandr_gh_specific_household-composition-single-or-couple-without-children-35-_low_audio-outstream_default,['netherlands']
1049,24643057,child(ren)?,gh-nl_non-gps_xandr_gh_specific_household-composition-single-or-couple-without-children-35-_low_display_default,['netherlands']
1154,25454160,child(ren)?,gh-nl_non-gps_xandr_gh_specific_household-composition-single-or-couple-without-children-35-_low_display_default,['netherlands']
1246,25642360,child(ren)?,gh-nl_non-gps_xandr_gh_specific_household-composition-single-or-couple-without-children-35-_low_instream_default,['netherlands']
1217,25641354,child(ren)?,gh-nl_non-gps_xandr_gh_specific_household-composition-single-or-couple-without-children-35-_medium_audio-outstream_default,['netherlands']
1050,24643058,child(ren)?,gh-nl_non-gps_xandr_gh_specific_household-composition-single-or-couple-without-children-35-_medium_display_default,['netherlands']
1155,25454161,child(ren)?,gh-nl_non-gps_xandr_gh_specific_household-composition-single-or-couple-without-children-35-_medium_display_default,['netherlands']
1247,25642362,child(ren)?,gh-nl_non-gps_xandr_gh_specific_household-composition-single-or-couple-without-children-35-_medium_instream_default,['netherlands']
1221,25641359,child(ren)?,gh-nl_non-gps_xandr_gh_specific_household-composition-single-or-couple-without-children-50-64_high_audio-outstream_default,['netherlands']
1054,24643062,child(ren)?,gh-nl_non-gps_xandr_gh_specific_household-composition-single-or-couple-without-children-50-64_high_display_default,['netherlands']
1159,25454165,child(ren)?,gh-nl_non-gps_xandr_gh_specific_household-composition-single-or-couple-without-children-50-64_high_display_default,['netherlands']
1251,25642371,child(ren)?,gh-nl_non-gps_xandr_gh_specific_household-composition-single-or-couple-without-children-50-64_high_instream_default,['netherlands']
1222,25641361,child(ren)?,gh-nl_non-gps_xandr_gh_specific_household-composition-single-or-couple-without-children-50-64_low_audio-outstream_default,['netherlands']
1055,24643063,child(ren)?,gh-nl_non-gps_xandr_gh_specific_household-composition-single-or-couple-without-children-50-64_low_display_default,['netherlands']
1160,25454166,child(ren)?,gh-nl_non-gps_xandr_gh_specific_household-composition-single-or-couple-without-children-50-64_low_display_default,['netherlands']
1252,25642372,child(ren)?,gh-nl_non-gps_xandr_gh_specific_household-composition-single-or-couple-without-children-50-64_low_instream_default,['netherlands']
1223,25641362,child(ren)?,gh-nl_non-gps_xandr_gh_specific_household-composition-single-or-couple-without-children-50-64_medium_audio-outstream_default,['netherlands']
1056,24643064,child(ren)?,gh-nl_non-gps_xandr_gh_specific_household-composition-single-or-couple-without-children-50-64_medium_display_default,['netherlands']
1161,25454167,child(ren)?,gh-nl_non-gps_xandr_gh_specific_household-composition-single-or-couple-without-children-50-64_medium_display_default,['netherlands']
1253,25642373,child(ren)?,gh-nl_non-gps_xandr_gh_specific_household-composition-single-or-couple-without-children-50-64_medium_instream_default,['netherlands']
1224,25641363,child(ren)?,gh-nl_non-gps_xandr_gh_specific_household-composition-single-or-couple-without-children-65+_high_audio-outstream_default,['netherlands']
1057,24643065,child(ren)?,gh-nl_non-gps_xandr_gh_specific_household-composition-single-or-couple-without-children-65+_high_display_default,['netherlands']
1162,25454168,child(ren)?,gh-nl_non-gps_xandr_gh_specific_household-composition-single-or-couple-without-children-65+_high_display_default,['netherlands']
1254,25642374,child(ren)?,gh-nl_non-gps_xandr_gh_specific_household-composition-single-or-couple-without-children-65+_high_instream_default,['netherlands']
1225,25641364,child(ren)?,gh-nl_non-gps_xandr_gh_specific_household-composition-single-or-couple-without-children-65+_low_audio-outstream_default,['netherlands']
1058,24643066,child(ren)?,gh-nl_non-gps_xandr_gh_specific_household-composition-single-or-couple-without-children-65+_low_display_default,['netherlands']
1163,25454169,child(ren)?,gh-nl_non-gps_xandr_gh_specific_household-composition-single-or-couple-without-children-65+_low_display_default,['netherlands']
1255,25642375,child(ren)?,gh-nl_non-gps_xandr_gh_specific_household-composition-single-or-couple-without-children-65+_low_instream_default,['netherlands']
1226,25641365,child(ren)?,gh-nl_non-gps_xandr_gh_specific_household-composition-single-or-couple-without-children-65+_medium_audio-outstream_default,['netherlands']
1059,24643067,child(ren)?,gh-nl_non-gps_xandr_gh_specific_household-composition-single-or-couple-without-children-65+_medium_display_default,['netherlands']
1164,25454170,child(ren)?,gh-nl_non-gps_xandr_gh_specific_household-composition-single-or-couple-without-children-65+_medium_display_default,['netherlands']
1256,25642376,child(ren)?,gh-nl_non-gps_xandr_gh_specific_household-composition-single-or-couple-without-children-65+_medium_instream_default,['netherlands']
1,4073752,child(ren)?,international_eu - france household without children ,['france']
2,4073755,child(ren)?,international_eu - france parents of young children ,['france']
6,4074668,child(ren)?,international_eu - germany household without children ,['germany']
7,4074670,child(ren)?,international_eu - germany parents of young children ,['germany']
11,4075672,child(ren)?,international_eu - italy household without children ,['italy']
12,4075676,child(ren)?,international_eu - italy parents of young children ,['italy']
16,4071390,child(ren)?,international_eu - spain household without children ,['spain']
17,4071397,child(ren)?,international_eu - spain parents of young children ,['spain']
243,11120095,child(ren)?,kbm group - germany - az direct | az sociodemographics | family type | families with adult children,['germany']
244,11120118,child(ren)?,kbm group - germany - az direct | az sociodemographics | family type | single parents with adult children,['germany']
245,11119874,child(ren)?,kbm group - germany - az direct | az sociodemographics | quality of residential area | household with children,['germany']
246,11119871,child(ren)?,kbm group - germany - az direct | az sociodemographics | quality of residential area | household without children,['germany']
247,11053905,child(ren)?,kbm group - germany - microm data | demographic data | children | houses with average share of children,['germany']
248,11053908,child(ren)?,kbm group - germany - microm data | demographic data | children | houses with high share of children,['germany']
249,11053909,child(ren)?,kbm group - germany - microm data | demographic data | children | houses with low share of children,['germany']
250,11053915,child(ren)?,kbm group - germany - microm data | demographic data | microm life period | families with children,['germany']
251,11054083,child(ren)?,kbm group - germany - microm data | demographic data | microm life period | young families with children,['germany']
253,11053713,child(ren)?,kbm group - germany - schober | demographics | number of children | 1 child,['germany']
254,11053731,child(ren)?,kbm group - germany - schober | demographics | number of children | 2 children,['germany']
255,11053779,child(ren)?,kbm group - germany - schober | demographics | number of children | 3 children,['germany']
256,11053894,child(ren)?,kbm group - germany - schober | demographics | number of children | 4 and more children,['germany']
741,20725862,child(ren)?,nielsen france - social - jobs & education - education - early childhood,['france']
509,6753927,child(ren)?,oracle country-specific audiences > france (fr) > demographic > household composition > children in household ,['france']
510,6753929,child(ren)?,oracle country-specific audiences > france (fr) > demographic > household composition > children in household > yes ,['france']
158,8576935,child(ren)?,oracle country-specific audiences > france (fr) > hobbies and interests (affinity) > beauty and style > fashion and accessories > children's ,['france']
147,8575543,child(ren)?,oracle country-specific audiences > france (fr) > hobbies and interests (affinity) > shopping > children's products ,['france']
133,8573235,child(ren)?,oracle country-specific audiences > france (fr) > life stages and events > family and children (kids) ,['france']
138,8573999,child(ren)?,oracle country-specific audiences > france (fr) > life stages and events > family and children (kids) > new and growing families ,['france']
137,8573997,child(ren)?,oracle country-specific audiences > france (fr) > life stages and events > family and children (kids) > new parents ,['france']
511,7866677,child(ren)?,oracle country-specific audiences > france (fr) > media and entertainment > movies > genres > children and family ,['france']
145,8575184,child(ren)?,oracle country-specific audiences > france (fr) > retail > in-market > children's products ,['france']
154,8576676,child(ren)?,oracle country-specific audiences > france (fr) > retail > purchase-based > categories > children's products buyers ,['france']
89,7864435,child(ren)?,oracle country-specific audiences > france > demographic > validated demographic > children in household ,['france']
91,7866391,child(ren)?,oracle country-specific audiences > france > demographic > validated demographic > children in household > no ,['france']
92,7866392,child(ren)?,oracle country-specific audiences > france > demographic > validated demographic > children in household > yes ,['france']
512,7848636,child(ren)?,oracle country-specific audiences > germany (de) > demographic > household composition > children in household ,['germany']
513,7850041,child(ren)?,oracle country-specific audiences > germany (de) > demographic > household composition > children in household > yes ,['germany']
159,8576952,child(ren)?,oracle country-specific audiences > germany (de) > hobbies and interests (affinity) > beauty and style > fashion and accessories > children's ,['germany']
149,8575599,child(ren)?,oracle country-specific audiences > germany (de) > hobbies and interests (affinity) > shopping > children's products ,['germany']
134,8573238,child(ren)?,oracle country-specific audiences > germany (de) > life stages and events > family and children (kids) ,['germany']
140,8574008,child(ren)?,oracle country-specific audiences > germany (de) > life stages and events > family and children (kids) > new and growing families ,['germany']
139,8574005,child(ren)?,oracle country-specific audiences > germany (de) > life stages and events > family and children (kids) > new parents ,['germany']
85,7849548,child(ren)?,oracle country-specific audiences > germany (de) > media and entertainment > movies > genres > children and family ,['germany']
155,8576727,child(ren)?,oracle country-specific audiences > germany (de) > retail > purchase-based > categories > children's products buyers ,['germany']
86,7850042,child(ren)?,oracle country-specific audiences > germany > demographic > household composition > children in household > no ,['germany']
90,7864436,child(ren)?,oracle country-specific audiences > germany > demographic > validated demographic > children in household ,['germany']
93,7866393,child(ren)?,oracle country-specific audiences > germany > demographic > validated demographic > children in household > no ,['germany']
94,7866394,child(ren)?,oracle country-specific audiences > germany > demographic > validated demographic > children in household > yes ,['germany']
514,7848639,child(ren)?,oracle country-specific audiences > italy (it) > demographic > household composition > children in household ,['italy']
515,7850044,child(ren)?,oracle country-specific audiences > italy (it) > demographic > household composition > children in household > yes ,['italy']
160,8576966,child(ren)?,oracle country-specific audiences > italy (it) > hobbies and interests (affinity) > beauty and style > fashion and accessories > children's ,['italy']
151,8575663,child(ren)?,oracle country-specific audiences > italy (it) > hobbies and interests (affinity) > shopping > children's products ,['italy']
135,8573241,child(ren)?,oracle country-specific audiences > italy (it) > life stages and events > family and children (kids) ,['italy']
142,8574015,child(ren)?,oracle country-specific audiences > italy (it) > life stages and events > family and children (kids) > new and growing families ,['italy']
141,8574013,child(ren)?,oracle country-specific audiences > italy (it) > life stages and events > family and children (kids) > new parents ,['italy']
516,7849666,child(ren)?,oracle country-specific audiences > italy (it) > media and entertainment > movies > genres > children and family ,['italy']
156,8576748,child(ren)?,oracle country-specific audiences > italy (it) > retail > purchase-based > categories > children's products buyers ,['italy']
87,7850045,child(ren)?,oracle country-specific audiences > italy > demographic > household composition > children in household > no ,['italy']
517,7848641,child(ren)?,oracle country-specific audiences > spain (es) > demographic > household composition > children in household ,['spain']
518,7850049,child(ren)?,oracle country-specific audiences > spain (es) > demographic > household composition > children in household > yes ,['spain']
161,8577007,child(ren)?,oracle country-specific audiences > spain (es) > hobbies and interests (affinity) > beauty and style > fashion and accessories > children's ,['spain']
153,8575777,child(ren)?,oracle country-specific audiences > spain (es) > hobbies and interests (affinity) > shopping > children's products ,['spain']
136,8573252,child(ren)?,oracle country-specific audiences > spain (es) > life stages and events > family and children (kids) ,['spain']
144,8574034,child(ren)?,oracle country-specific audiences > spain (es) > life stages and events > family and children (kids) > new and growing families ,['spain']
143,8574032,child(ren)?,oracle country-specific audiences > spain (es) > life stages and events > family and children (kids) > new parents ,['spain']
519,7849972,child(ren)?,oracle country-specific audiences > spain (es) > media and entertainment > movies > genres > children and family ,['spain']
157,8576811,child(ren)?,oracle country-specific audiences > spain (es) > retail > purchase-based > categories > children's products buyers ,['spain']
88,7850050,child(ren)?,oracle country-specific audiences > spain > demographic > household composition > children in household > no ,['spain']
617,18352024,child(ren)?,semasio - at: classic extended audience - fashion & shopping - interest in children's fashion,['austria']
1324,18063139,child(ren)?,semasio - de: fashion & shopping - interest in children's fashion,['germany']
919,22490575,child(ren)?,semasio - de: performance advertising - fashion & shopping - interest in children's fashion,['germany']
1092,25509325,child(ren)?,semasio - de: socio - household - families with children - babies & kids <6 years,['germany']
1086,25503653,child(ren)?,semasio - de: socio - household - families with children - babies & toddlers 1-3 years,['germany']
1091,25509264,child(ren)?,semasio - de: socio - household - families with children - kids & children 6-12 years,['germany']
1090,25509239,child(ren)?,semasio - de: socio - household - families with children - kids & teenagers 13-17 years,['germany']
706,18847596,child(ren)?,semasio - fr: classic extended audience - fashion & shopping - interest in children's fashion,['france']
25,1081212,child(ren)?,xaxisdk_children_potty-training ,['denmark']
178,10854880,child(ren)?,xaxisdk_hm_children_fashion ,['denmark']
36,2471100,child(ren)?,xaxisro_ro_redfuse_29withchildren ,['romania']
628,18981639,child(ren)?,zeotap > france > demographics > presence of children,['france']
387,15043525,child(ren)?,"zeotap > germany > purchase intent >  style, fashion and beauty > children's fashion",['germany']
599,18114123,child(ren)?,zeotap > spain > purchase intent > fashion & beauty > children's fashion,['spain']
652,19500586,child(ren)?,zeotap > spain > purchase intent > fashion & beauty > children's fashion ,['spain']
20,7922879,child(ren)?,zipline - uk - mastercard europe | seasonal top tier spender | back to school shopper - children's apparel,['europe']
285,13229129,widow,adsquare data alliance > fr > demographics > marital status > widowed ,['france']
424,2639026,widow,experian fr - mosaic - traditional countryside - retirement and widows in the countryside ,['france']
766,21019556,widow,eyeota - fr experian - mosaic type - m56 retirement and widows in the countryside,['france']
902,21780248,widow,eyeota - miq - fr experian - mosaic type - m56 retirement and widows in the countryside,['france']
3,4073718,widow,international_eu - france relationship status - widowed ,['france']
8,4074635,widow,international_eu - germany relationship status - widowed ,['germany']
13,4075637,widow,international_eu - italy relationship status - widowed ,['italy']
18,4071295,widow,international_eu - spain relationship status - widowed ,['spain']